Staff Member ID,Project Title,Stream
1,society stories research mayhem Cthulhu ,CS+DS
1,Dagon research Miskatonic Dagon research mayhem app Cthulhu ,CS
1,Miskatonic society app Miskatonic Miskatonic Cthulhu ,CS+DS
2,mayhem mayhem society research myths society ,CS
2,stories ,CS+DS
2,mayhem app mayhem Dagon Dagon Dagon ,CS+DS
3,mayhem Cthulhu worship myths Miskatonic ,DS
3,app Dagon myths ,DS
3,Dagon worship myths myths mayhem Dagon Cthulhu worship ,DS
4,Miskatonic Cthulhu stories Cthulhu research app research ,DS
4,myths myths app ,DS
4,Dagon Cthulhu worship stories Cthulhu mayhem mayhem ,DS
5,research app Dagon ,CS+DS
5,myths research mayhem society ,CS
5,app Miskatonic app ,CS+DS
6,mayhem ,DS
6,myths app worship app worship worship ,DS
6,Dagon ,DS
7,stories Miskatonic app ,CS+DS
7,worship society Dagon Cthulhu research mayhem app mayhem ,CS+DS
7,myths ,CS+DS
8,Dagon myths stories ,DS
8,Dagon research stories research mayhem Dagon Dagon worship ,DS
8,app society society Cthulhu app myths ,DS
9,Dagon app myths Miskatonic app ,CS
9,Dagon Miskatonic research ,CS+DS
9,myths app Miskatonic Miskatonic research worship ,CS
10,Dagon stories ,CS+DS
10,worship Miskatonic society research Cthulhu Dagon worship research ,CS
10,Cthulhu ,CS
11,society research society myths Cthulhu society myths research ,CS
11,stories Cthulhu myths stories mayhem ,CS+DS
11,research Cthulhu Cthulhu stories ,CS
12,research app worship worship research Cthulhu mayhem ,CS
12,app ,CS
12,society society ,CS
13,mayhem Dagon Dagon myths myths research myths research ,CS
13,stories mayhem society mayhem mayhem ,CS
13,mayhem myths ,CS+DS
14,Dagon Dagon ,CS
14,mayhem worship ,CS
14,myths research Cthulhu myths ,CS+DS
15,mayhem Miskatonic research stories worship ,DS
15,stories mayhem Cthulhu myths stories Cthulhu Miskatonic app ,DS
15,Miskatonic research ,DS
16,Cthulhu research worship ,CS+DS
16,myths myths Dagon ,CS
16,mayhem Cthulhu society research ,CS+DS
17,Cthulhu Cthulhu Miskatonic Miskatonic ,DS
17,research Dagon worship society Miskatonic mayhem ,DS
17,research stories stories research worship Miskatonic myths ,DS
18,Dagon mayhem worship mayhem worship ,DS
18,worship Dagon ,DS
18,research Miskatonic Cthulhu society research ,DS
19,myths Dagon Cthulhu society myths society worship ,DS
19,app Miskatonic Miskatonic myths Dagon Miskatonic ,DS
19,myths stories worship society society Cthulhu Miskatonic Miskatonic ,DS
20,mayhem research myths worship Miskatonic stories Cthulhu worship ,CS+DS
20,mayhem Miskatonic society Miskatonic society app myths ,CS+DS
20,mayhem ,CS
21,Cthulhu mayhem society stories Cthulhu Miskatonic Miskatonic myths ,DS
21,Dagon research research Dagon mayhem ,DS
21,mayhem Miskatonic Dagon app app stories myths society ,DS
22,research society myths Miskatonic stories society stories Miskatonic ,DS
22,Miskatonic research Miskatonic research app ,DS
22,stories myths myths research ,DS
23,Miskatonic app ,DS
23,research research Miskatonic ,DS
23,app research myths ,DS
24,Dagon Dagon app Dagon ,CS
24,research worship ,CS+DS
24,society mayhem ,CS+DS
25,Cthulhu ,DS
25,Dagon myths myths Dagon ,DS
25,Miskatonic research worship ,DS
26,Cthulhu app ,CS+DS
26,myths ,CS+DS
26,Cthulhu Cthulhu stories research app myths ,CS+DS
27,Cthulhu mayhem app ,CS+DS
27,research Dagon mayhem Dagon myths society Miskatonic Dagon ,CS+DS
27,app stories myths Cthulhu Miskatonic worship myths ,CS
28,myths society app mayhem ,DS
28,Miskatonic research ,DS
28,app society Miskatonic Cthulhu stories ,DS
29,society ,DS
29,worship Dagon Dagon worship myths Miskatonic myths research ,DS
29,stories ,DS
30,research worship worship worship Cthulhu ,CS
30,Miskatonic stories myths Cthulhu Miskatonic ,CS
30,worship mayhem Dagon Dagon ,CS
